company_reg_number,total_debt,missed_payments_5y,payment_index,failure_score,credit_score,debt_to_revenue_ratio
20000000,7548.0,0,2,63,765,0.0139639172969052
20000001,28100.0,0,21,59,676,0.1214914480397073
20000002,15631.0,0,16,53,663,0.0768977222413538
20000003,0.0,0,2,93,0,0.0
20000004,75605.28,0,17,81,773,0.1931953973644468
20000005,7122.0,3,27,7,486,0.0580851948814562
20000006,6192.0,0,11,0,546,0.0421657621093776
20000007,169233.0,0,12,51,448,0.455785079450579
20000008,31874.0,1,24,77,732,0.1436257457507975
20000009,1079.0,0,17,79,824,0.0359666666666666
20000010,58317.0,0,8,73,654,0.3206820893798837
20000011,46510.0,0,9,95,760,0.2122213197784247
20000012,11051.0,8,62,48,689,0.052085100767302
20000013,104834.0,1,7,24,513,0.3610458668834076
20000014,5787.0,0,13,82,833,0.0466930779347571
20000015,4638.0,6,77,0,541,0.0032206588809772
20000016,80340.2,0,0,73,467,0.510498424156161
20000017,0.0,7,33,52,755,0.0
20000018,15028.0,0,30,34,678,0.0711994655776073
20000019,49918.0,0,10,76,744,0.1389575538927489
20000020,27914.0,0,11,43,650,0.1283549833314174
20000021,0.0,0,6,72,0,0.0
20000022,0.0,0,15,0,494,0.0
20000025,2487.0,2,24,59,0,0.0194681675499228
20000026,49710.0,1,26,57,643,0.2140670149041629
20000027,149999.0,0,11,66,717,0.1353791363114535
20000028,22844.0,0,4,61,720,0.139039190743705
20000029,64020.0,0,18,25,542,0.1803136477321376
20000030,0.0,1,19,70,733,0.0
20000031,24923.0,4,43,50,691,0.1307168631729115
20000032,27548.0,0,8,76,769,0.151689352891943
20000033,18035.0,0,7,38,638,0.1089840043992434
20000034,334342.0,8,46,48,0,0.2442786574909895
20000035,41150.0,9,28,15,463,0.1173257150025803
20000036,11244.0,9,37,24,654,0.0888516610298068
20000037,9371.0,0,6,53,666,0.1201086886863793
20000038,0.0,6,64,0,534,0.0
20000039,126653.0,0,1,83,0,0.3408443805740797
20000040,17856.0,0,19,57,681,0.1047647545456145
20000041,24543.0,0,19,85,0,0.1198324308752947
20000042,27478.0,0,14,71,744,0.1136609942338079
20000043,68028.0,0,14,18,521,0.1601442588372662
20000044,45491.0,0,34,62,719,0.158298941449122
20000046,0.0,0,8,51,730,0.0
20000047,233050.0,0,4,74,728,0.2545267091951801
20000048,0.0,0,17,72,814,0.0
20000049,113698.0,0,5,86,817,0.090174101732769
20000051,68596.0,3,0,90,821,0.0885109677419354
20000052,48402.0,0,11,67,736,0.1249809566845265
20000053,574615.0,0,15,63,623,0.3917323854556957
20000054,14877.0,0,18,13,580,0.0830477062376491
20000055,26175.0,0,10,56,700,0.1593549094097019
20000056,0.0,0,21,44,665,0.0
20000057,0.0,1,22,45,701,0.0
20000058,42686.0,0,21,36,609,0.2097746762660638
20000060,26794.0,0,20,35,643,0.1467408567641872
20000061,5959.0,0,5,56,771,0.0160139957862149
20000063,18382.0,0,31,74,760,0.0915679935441127
20000064,13732.0,7,71,57,699,0.1101079269368314
20000065,116738.1,0,14,89,709,0.2771954694400912
20000066,53337.0,0,21,42,609,0.1875171390601818
20000067,149794.0,0,21,46,603,0.1182880864595778
20000068,38581.0,11,55,29,808,0.19379451683226
20000069,108961.0,0,13,63,0,0.2248756034086007
20000070,7903.0,0,12,80,749,0.0631714413607878
20000072,0.0,2,14,42,703,0.0
20000073,21003.0,0,16,80,746,0.1263459942009456
20000074,149336.0,0,14,75,756,0.137012795176257
20000075,26241.0,3,18,97,0,0.1456166831293075
20000077,245302.61,3,14,75,759,0.1659656962772118
20000078,0.0,0,21,95,807,0.0
20000079,29954.0,1,20,16,398,0.0572265908587236
20000080,24240.0,5,13,51,666,0.1389263014311013
20000081,65946.0,0,12,0,468,0.2616676321908405
20000082,30775.0,5,42,44,637,0.1744565063348544
20000083,15904.0,0,15,80,763,0.1919312600316184
20000084,3956.0,0,21,60,754,0.037814483444215
20000085,7742.0,1,7,67,0,0.0087656728010525
20000086,16791.0,0,15,80,772,0.1073305122665268
20000087,5983.0,0,19,17,515,0.0514613545268445
20000088,177336.0,0,23,82,759,0.1832970017953878
20000089,2074.0,0,16,51,666,0.0175776118517514
20000090,74089.0,1,18,66,764,0.0654230613001783
20000091,31785.0,7,71,17,549,0.2325011520821599
20000092,0.0,2,5,51,691,0.0
20000093,15807.0,0,16,79,0,0.0942862766852173
20000094,35252.0,0,24,10,567,0.2801891666335492
20000095,20751.0,4,69,0,532,0.0997802535979266
20000096,23203.0,0,17,39,592,0.0829887836561847
20000098,10281.0,3,19,26,459,0.1990089235593581
20000099,150841.0,0,16,88,623,0.4699433292728139
20000100,191227.0,0,15,89,763,0.1668663486298734
20000101,906.0,0,25,69,0,0.0302
20000102,6338.0,9,62,0,552,0.0328667956170691
20000103,50800.0,0,11,83,763,0.1770318587648194
20000104,1001268.0,0,9,76,568,0.5204560906692283
20000105,49246.0,0,20,30,486,0.1936569732004168
20000106,628.0,6,65,10,457,0.0209333333333333
20000107,0.0,0,22,94,0,0.0
20000108,3150.0,0,20,88,793,0.0149635886010707
20000109,325498.0,3,13,55,638,0.2682908736033128
20000110,99250.0,0,11,56,637,0.2522550457363178
20000111,18864.0,0,3,44,611,0.156257247937444
20000112,436352.94,1,21,71,595,0.3640940972679984
20000113,1617.0,0,15,77,790,0.0351384240949193
20000114,35909.0,6,48,13,561,0.1062553632194111
20000115,10933.0,3,22,80,830,0.0515967964963448
20000116,0.0,0,18,78,0,0.0
20000117,15477.0,0,18,84,758,0.1793519827566227
20000118,173740.0,1,19,89,496,0.657625296658125
20000119,19802.0,9,55,76,735,0.1560392107419781
20000120,7318.0,0,14,12,426,0.0649582360616739
20000121,115423.19,10,70,0,493,0.3341493063597202
20000122,482767.86,0,8,42,546,0.5065302049758259
20000123,151030.0,0,26,74,752,0.1418095434827515
20000124,21271.0,0,10,80,691,0.1153706385494465
20000125,39308.0,0,9,72,762,0.1353175873619129
20000126,73593.0,0,21,70,691,0.2014767239396826
20000127,10141.0,3,17,50,663,0.0707039720000836
20000128,33355.0,1,9,36,586,0.2890506521079769
20000130,36449.0,3,18,83,750,0.1053271878747598
20000131,1143867.35,0,22,40,562,0.7326312003863413
20000132,69208.0,5,54,0,542,0.0765018382637416
20000134,214352.0,1,18,58,717,0.1580554822287864
20000135,35095.0,0,30,66,672,0.1532358771493193
20000136,30035.0,3,18,40,627,0.0897226022691289
20000137,13986.0,1,17,68,781,0.0158546621957108
20000138,16823.0,0,27,11,490,0.0996428423353254
20000139,197.0,3,5,71,793,0.0017652487925519
20000140,55845.0,2,19,6,572,0.2603739276389407
20000141,6303.0,0,12,42,0,0.0384753905224668
20000142,21766.0,4,42,67,672,0.2567593073184542
20000143,29869.0,4,79,40,650,0.1443588454772169
20000144,12582.0,0,17,63,700,0.0328616426120069
20000146,0.0,0,17,65,763,0.0
20000147,26907.0,6,42,45,670,0.0923091173564606
20000148,8322.0,3,19,43,726,0.0654729123723506
20000149,11927.0,0,23,0,543,0.0568049760911394
20000150,119566.0,0,28,98,800,0.1922072828050952
20000152,11316.0,0,2,79,798,0.0483232481968459
20000153,214681.0,0,6,82,785,0.064717688936908
20000155,41728.0,0,20,82,799,0.0182397233268961
20000156,134717.0,0,15,31,665,0.0803816542927157
20000157,10843.0,0,0,87,0,0.055014358630907
20000158,24385.0,0,13,73,0,0.0662097915009272
20000159,68963.0,0,7,75,689,0.2307983212963768
20000160,24820.0,0,26,55,0,0.0249765027663338
20000161,8804.0,0,11,51,703,0.0477834223437974
20000162,20470.0,1,1,59,720,0.191083397121147
20000163,25254.0,0,0,43,725,0.0684468150846437
20000164,87245.0,0,5,63,705,0.1482959016992539
20000165,8808.0,0,18,93,791,0.0570802739956839
20000167,27894.0,0,28,32,625,0.1888839231300532
20000168,37051.0,0,13,41,654,0.0989686701160079
20000170,39124.0,10,69,0,499,0.1056015460731415
20000171,15184.0,0,10,90,0,0.0506812462032456
20000172,727651.0,0,7,90,0,0.2118101806140318
20000174,45449.0,0,13,10,566,0.1274398467884171
20000175,0.0,0,11,51,674,0.0
20000176,14609.0,4,57,62,683,0.1824915993154535
20000177,15531.0,0,19,65,706,0.222274698381349
20000178,8345.0,0,8,87,790,0.0226779245554773
20000179,10645.0,1,20,16,565,0.0653717191318979
20000180,18448.0,2,11,68,758,0.0480439187253569
20000181,170805.0,0,33,21,491,0.1078971040456439
20000182,0.0,5,61,41,707,0.0
20000183,6559.0,0,1,58,0,0.0465322511989557
20000184,0.0,0,14,52,0,0.0
20000185,96888.0,2,13,54,714,0.0724553361102594
20000186,133320.0,7,41,0,562,0.1524779380481177
20000187,810300.0,5,72,0,472,0.5878550581434575
20000188,165482.0,0,2,58,0,0.1038688611847234
20000191,539514.21,5,54,29,572,0.4808864567400767
20000192,136865.0,0,0,81,743,0.1012364508918334
20000194,35979.0,0,0,65,735,0.0994282303328091
20000195,7569.0,0,19,25,620,0.0583572987101101
20000196,87847.0,0,19,64,538,0.5053208623823658
20000197,12142.0,0,24,81,0,0.0628146032829968
20000198,0.0,0,22,98,831,0.0
20000199,59071.0,0,18,43,657,0.1386542293870633
20000200,0.0,5,57,0,434,0.0
20000202,10679.0,0,4,51,702,0.0792922430371475
20000203,17011.0,4,34,0,538,0.1356668899735222
20000204,145645.0,2,10,22,583,0.1725890911417815
20000205,0.0,0,17,91,844,0.0
20000206,7702.0,1,4,86,0,0.0484250235774913
20000207,279421.22,1,14,34,544,0.1881094883729697
20000208,41952.0,2,28,41,640,0.2153947260330239
20000209,103974.0,0,13,54,648,0.2916816284393375
20000210,24698.0,0,20,62,706,0.1262543387468625
20000211,36246.0,5,73,3,485,0.1720755791872389
20000212,102854.0,0,6,97,676,0.3076973703892063
20000213,31611.0,0,12,74,0,0.0378293508660026
20000214,10686.0,5,95,20,366,0.0764301142947058
20000216,103801.0,0,11,58,633,0.2802062384429537
20000217,22936.0,0,15,55,706,0.0820402761383553
20000218,67860.0,0,24,74,673,0.1802768708440815
20000219,19811.0,0,25,55,672,0.0582721031608299
20000220,0.0,0,25,75,822,0.0
20000221,123026.0,0,4,53,609,0.2288447086659871
20000222,40086.0,0,10,30,546,0.2321229001754558
20000223,537436.46,3,9,70,568,0.6794384077896235
20000224,31973.0,0,22,72,681,0.1615050841293333
20000225,0.0,3,25,54,0,0.0
20000226,28556.0,3,16,22,516,0.1903149700758434
20000227,50819.0,0,21,84,807,0.1223660797056606
20000228,0.0,6,30,52,727,0.0
20000229,45200.0,1,33,47,711,0.0913227248114953
20000230,14278.0,0,4,23,552,0.0737541905790101
20000231,22561.0,7,40,0,514,0.0279301183758662
20000232,11454.0,7,50,11,576,0.0560158061013898
20000233,56281.0,5,73,0,510,0.148472041955533
20000234,21535.0,9,65,0,423,0.0813482619765342
20000235,46292.0,5,97,50,659,0.1601954514624254
20000236,0.0,0,16,79,830,0.0
20000238,99413.0,0,0,95,797,0.0515349336794811
20000239,41456.0,3,6,82,0,0.2677966977597478
20000240,9879.0,7,96,31,636,0.0475210090097023
20000241,84211.89,0,8,70,582,0.5070409127856218
20000242,80623.0,5,72,0,528,0.2629745483249125
20000243,3216.0,3,26,37,633,0.0149789707546774
20000244,45313.0,0,8,92,809,0.1155766974442687
20000245,85683.0,0,10,94,787,0.1538838691601877
20000246,19012.0,1,12,91,805,0.2139328674790984
20000247,532.0,5,90,0,588,0.0029868846568451
20000248,11703.0,5,44,25,565,0.1369909515504102
20000249,0.0,0,5,51,685,0.0
20000251,422.0,1,13,58,0,0.0140666666666666
20000252,13058.0,0,11,87,808,0.0912266484092274
20000253,226239.0,0,12,76,780,0.1824153531450742
20000254,4362.0,10,68,0,467,0.0766918086396961
20000255,8155.0,0,15,0,526,0.0376384036332251
20000256,21722.0,0,25,65,700,0.1172704205582249
20000257,18359.0,1,17,60,669,0.1133460515024109
20000258,15396.0,0,13,74,795,0.1011936060574192
20000259,47762.0,0,14,65,766,0.0495428679306345
20000260,992.0,8,81,11,557,0.0053945880100931
20000261,221565.0,0,17,68,710,0.2436448249735808
20000262,72710.0,0,14,79,690,0.2794528550619362
20000263,23737.0,3,3,58,715,0.1758413523864554
20000264,92711.0,4,33,69,722,0.2384799798332124
20000265,20034.0,0,5,28,623,0.1308411214953271
20000266,52694.0,0,12,49,722,0.1250032618416714
20000267,86635.0,4,59,0,586,0.2509769953446063
20000268,0.0,6,0,60,778,0.0
20000269,22260.0,0,11,12,533,0.1558572498827219
20000270,26853.0,9,68,16,475,0.0833105818989588
20000271,0.0,0,5,19,582,0.0
20000272,30281.0,0,25,62,0,0.076450761831425
20000273,14316.0,0,0,81,834,0.0567608716338376
20000274,139608.0,0,6,65,0,0.1146958352023739
20000275,35106.0,2,9,85,761,0.1766544052896687
20000276,64981.0,0,11,33,568,0.3031904966312685
20000278,0.0,0,11,58,697,0.0
20000279,59026.0,2,2,62,661,0.2910308307489017
20000281,0.0,5,76,4,377,0.0
20000282,93205.0,1,10,97,787,0.1522671393447309
20000283,2003.0,0,17,58,800,0.0063250168151345
20000284,235665.0,0,5,93,725,0.2172556271756446
20000285,20500.0,9,61,4,500,0.1580655856522711
20000286,148877.0,0,22,59,0,0.1689512848069016
20000288,25362.0,0,22,33,652,0.1191235527582724
20000289,60361.0,0,5,83,759,0.2020864511247485
20000290,19032.0,0,22,48,736,0.1050853072718237
20000292,126.0,1,14,89,833,0.0042
20000293,239580.96,6,47,23,601,0.4218256855212144
20000294,87014.0,0,3,93,544,0.5739255467904916
20000295,92827.0,0,4,85,791,0.2687109389699901
20000296,0.0,0,20,66,0,0.0
20000297,41427.0,0,8,73,743,0.1437329558465349
20000298,6998.0,0,13,82,816,0.032731677884368
20000299,39076.0,0,15,39,658,0.2552452120293679
20000300,328001.0,0,88,0,436,0.2791956466040805
20000301,173461.0,4,78,1,560,0.0993083493302478
20000302,565.0,0,0,75,0,0.0188333333333333
20000303,33320.0,3,3,29,650,0.1105423275596089
20000304,0.0,0,0,61,755,0.0
20000305,8212.0,2,10,68,755,0.0452539057118452
20000306,33376.0,4,52,0,508,0.0920275509134925
20000307,11981.0,3,22,59,739,0.0157132402508662
20000309,13882.0,2,6,79,0,0.0873598227883151
20000311,56275.0,0,8,33,531,0.3875368426851775
20000312,223403.98,4,53,33,402,0.700831257646579
20000313,0.0,0,15,85,805,0.0
20000314,44241.0,9,69,51,591,0.2462991933104335
20000315,3045.0,10,53,0,534,0.1015
20000316,11429.0,5,76,36,581,0.1259074835028037
20000317,11468.0,6,83,28,672,0.0609594684385382
20000318,3512.0,1,21,83,794,0.0182724425344169
20000319,79150.0,0,14,75,677,0.2005300174307835
20000320,1434.0,0,22,78,782,0.0478
20000321,51477.0,0,16,69,634,0.2919471651457836
20000322,0.0,0,5,87,841,0.0
20000323,345.0,0,20,38,667,0.0032001632547051
20000324,328659.0,0,17,58,625,0.3445814181708381
20000325,17766.0,0,18,59,710,0.1259660517023781
20000326,2113.0,0,27,69,0,0.0704333333333333
20000327,152338.0,0,11,63,693,0.1719258567062573
20000329,9810.0,0,3,88,801,0.0266562324227825
20000330,89128.0,7,58,14,588,0.2276600527208451
20000331,625441.23,0,23,98,490,0.5841854680601258
20000332,1880.0,0,20,55,740,0.0102653707546139
20000333,682.0,0,17,80,0,0.0227333333333333
20000334,460574.0,4,64,3,377,0.1783892777576371
20000335,338901.0,2,12,78,691,0.3061552470825451
20000336,9190.0,0,20,68,0,0.0810241309081932
20000337,0.0,0,16,43,691,0.0
20000338,36424.0,1,15,75,724,0.1320379902849271
20000339,1135.0,1,30,81,809,0.0378333333333333
20000340,34032.0,0,9,63,0,0.1855454267893749
20000341,16937.0,0,38,74,0,0.0593316822145076
20000342,19616.0,0,33,60,809,0.0511211416776991
20000343,356047.0,0,17,51,544,1.3381905241556606
20000344,0.0,4,45,61,794,0.0
20000345,0.0,4,64,0,501,0.0
20000346,0.0,0,16,54,752,0.0
20000347,0.0,0,3,68,787,0.0
20000348,60733.0,0,21,34,619,0.1871010474430068
20000349,23637.0,8,52,42,657,0.1539227944049386
20000350,126666.0,0,12,86,758,0.1774354190042738
20000351,16775.0,0,15,91,0,0.0972819058554718
20000353,203768.0,5,41,25,512,0.191812698149724
20000354,452737.6,0,13,21,538,0.3171013169082843
20000355,2210.0,1,25,56,782,0.0208068540225015
20000356,45813.0,5,54,0,573,0.1154314222003855
20000357,190191.0,2,17,29,660,0.1672711697750791
20000358,0.0,4,32,0,486,0.0
20000359,0.0,0,10,63,791,0.0
20000360,0.0,0,0,94,818,0.0
20000361,433846.48,6,56,3,493,0.6470713835075625
20000362,0.0,0,21,99,826,0.0
20000363,358388.0,3,1,24,401,0.3159663569199302
20000365,43654.0,7,75,40,658,0.070148431084879
20000366,17611.0,0,0,72,735,0.0831841519807662
20000367,81663.0,0,13,76,795,0.1638276402343977
20000368,23558.0,5,41,0,527,0.1278901224179582
20000369,16518.0,2,10,41,656,0.0899119822767033
20000370,0.0,0,14,67,773,0.0
20000371,18323.0,0,8,99,0,0.1149289025208713
20000372,11212.0,0,18,61,678,0.0797717554482003
20000373,19745.0,0,11,92,0,0.1381551788075763
20000374,3594.0,0,14,50,696,0.0105678530262755
20000375,50149.0,0,1,100,827,0.1296298689717031
20000376,0.0,3,13,3,494,0.0
20000377,17038.0,0,18,43,622,0.1143382500973062
20000379,0.0,0,11,92,0,0.0
20000380,6671.0,0,6,86,809,0.0824557500247206
20000381,11334.0,0,15,23,554,0.1159547802956673
20000382,981355.0,0,9,26,550,0.2571588643297696
20000383,14595.0,3,9,44,665,0.0797423330983953
20000384,28695.0,4,54,0,550,0.1426767237307266
20000385,74921.0,1,8,76,762,0.0493596572540664
20000386,0.0,0,16,80,806,0.0
20000387,149051.0,4,46,88,790,0.16603857237863
20000388,68970.0,0,8,79,801,0.1841109844612144
20000389,191558.0,0,16,61,684,0.2031051363149116
20000390,6838.0,0,22,20,376,0.0169509592239941
20000391,513.0,1,33,65,0,0.0171
20000392,137953.0,0,29,74,743,0.0917589668411124
20000393,22456.0,0,16,62,720,0.170489314049273
20000394,1787.0,6,43,22,561,0.0153786574870912
20000395,25333.0,1,17,69,792,0.0703475585373439
20000396,67608.0,0,29,55,648,0.3072476413808147
20000397,0.0,3,15,27,546,0.0
20000399,12890.0,0,14,22,577,0.0832665822588563
20000401,30659.0,6,34,56,708,0.1388604556365777
20000402,40806.0,0,11,65,663,0.2250769451400456
20000403,0.0,0,21,73,831,0.0
20000404,0.0,0,17,0,558,0.0
20000405,87465.0,0,7,32,570,0.1047946879582858
20000406,6752.0,3,10,3,579,0.048256491255655
20000407,126075.0,0,16,72,671,0.111637680273934
20000408,57735.0,3,0,94,0,0.2567734647406248
20000409,47939.0,0,12,37,604,0.2657564015145215
20000410,111162.27,6,37,20,559,0.1096135402892531
20000411,472.0,4,45,31,641,0.0039706575139646
20000412,2148.0,3,15,0,587,0.0103380066128589
20000413,0.0,0,29,37,679,0.0
20000414,46125.0,6,97,0,476,0.1769926785467606
20000415,686777.01,0,19,72,702,0.2698689237182172
20000416,8924.0,0,22,42,735,0.0457732572155456
20000417,226950.0,1,0,50,739,0.1462456527440633
20000418,147396.0,0,16,91,0,0.0873735301998145
20000419,137571.34,5,61,0,502,0.7852245433789954
20000420,32049.0,0,17,33,670,0.1482987908991213
20000421,0.0,9,54,0,492,0.0
20000422,0.0,0,9,88,834,0.0
20000423,1029.0,1,18,86,814,0.0033968692023794
20000424,66464.0,0,17,59,667,0.2247850702453344
20000425,7423.0,0,20,63,762,0.038081117962714
20000426,32561.0,0,23,0,550,0.0867724106319587
20000427,533.0,2,23,15,587,0.0177666666666666
20000428,264849.0,0,6,56,714,0.2045063375197384
20000429,34320.0,4,35,42,627,0.1351830406730792
20000431,10824.0,0,17,96,817,0.0733631557543716
20000434,38267.0,6,57,0,589,0.2038460514049807
20000435,39462.0,7,64,13,436,0.2204913590318092
20000436,26444.0,2,18,88,771,0.1460663606586353
20000437,47282.0,0,14,93,808,0.1247144718586629
20000438,113311.0,0,15,98,849,0.092425212585901
20000439,13488.0,0,27,59,685,0.0766991174597397
20000440,142285.7,0,24,78,703,0.2121643686096394
20000441,174478.0,0,18,0,533,0.5390630551582017
20000442,69078.0,0,13,85,0,0.1712288529466443
20000445,0.0,0,12,64,738,0.0
20000446,26612.0,0,14,16,524,0.1175680571140779
20000447,899.0,8,46,18,569,0.0050416115211198
20000448,25111.0,0,25,90,800,0.1027190208743245
20000449,78179.0,4,57,0,508,0.2386846226884573
20000450,29333.0,0,13,68,743,0.132424111093053
20000451,20940.0,1,15,89,794,0.0717047162801209
20000452,27549.0,4,26,0,528,0.1074982245565293
20000453,32640.0,0,20,49,685,0.0873208237692418
20000454,51824.0,0,21,100,0,0.0973862583599706
20000456,27400.0,0,10,98,824,0.1454167197384621
20000457,6510.0,2,23,80,838,0.0393729360960917
20000458,1655.0,2,25,49,672,0.0551666666666666
20000459,1189143.0,1,6,94,684,0.2947685006961798
20000460,68137.0,0,15,94,0,0.0465016764954182
20000461,22235.0,0,0,67,752,0.0548500411961181
20000462,41213.0,0,6,77,801,0.13384190203395
20000464,1163835.6800000002,0,3,87,609,0.5073429869981544
20000465,38026.0,8,61,22,499,0.158313037323841
20000466,26505.0,0,24,54,688,0.1723622175256056
20000468,34082.0,0,13,41,0,0.2019470631106792
20000469,25009.0,0,9,32,489,0.2755600118999085
20000472,23218.0,0,11,86,811,0.083674800615542
20000473,417797.0,0,29,11,533,0.2709888114155991
20000474,864946.21,0,24,87,576,0.635452062262012
20000478,12142.0,4,44,0,349,0.0622404937410934
20000479,528.0,3,9,67,0,0.0176
20000480,75051.0,3,12,84,789,0.1955033525577905
20000481,3890.0,6,56,0,500,0.0374078027483676
20000482,42401.0,1,8,29,830,0.2845704697986577
20000483,22075.0,2,20,64,0,0.129419765608053
20000484,0.0,0,18,84,800,0.0
20000486,35720.0,0,8,68,719,0.1983111352923867
20000488,0.0,0,13,90,820,0.0
20000489,48873.0,0,0,54,669,0.1553634779954986
20000490,253847.0,0,0,78,678,0.2178891837792739
20000491,38328.0,0,15,68,0,0.1158614185224706
20000492,7908.0,0,8,38,655,0.053113036469877
20000493,0.0,0,20,50,725,0.0
20000494,654920.0,0,11,90,0,0.1961009764925556
20000495,15852.0,3,9,0,436,0.1010969387755102
20000496,44143.0,2,32,17,558,0.1229938925172191
20000497,248067.0,5,84,1,496,0.2343653013851216
20000498,27205.0,0,4,100,818,0.1319830200121285
20000499,17708.0,0,8,82,777,0.1604087215674907
20000500,163644.0,0,11,86,777,0.1075491563341645
20000502,5090.0,2,19,60,0,0.0519249994899312
20000504,279843.59,0,15,90,518,0.7764740859537794
20000505,698416.53,6,18,43,604,0.2979657535210877
20000506,35124.0,0,35,21,460,0.1588724596644699
20000507,58753.0,1,26,24,662,0.0676219578866196
20000508,85441.0,0,18,5,349,0.0755582793005988
20000509,217084.0,1,32,11,578,0.1716198439100902
20000510,884827.92,0,10,97,641,0.4205693763097818
20000511,40503.0,0,8,57,704,0.0596305827758409
20000512,10193.0,2,10,62,776,0.053511056046702
20000513,37991.0,3,19,0,416,0.1997066770398561
20000514,260266.36,0,18,66,642,0.3214553943061816
20000515,1659.0,0,15,88,828,0.0231380753138075
20000516,156021.0,3,2,24,495,0.470601897235586
20000517,177340.0,0,9,41,660,0.0874336876565365
20000518,249351.61,0,8,69,625,0.3058774584427644
20000519,87284.0,0,11,43,658,0.2484776884207529
20000520,112798.0,5,83,6,799,0.0997439153364294
20000521,27559.0,10,67,16,530,0.1359005463834152
20000522,71364.0,0,8,88,711,0.1193968921071299
20000523,554450.14,0,9,53,587,0.3188448440251326
20000524,109765.0,0,21,99,847,0.0883217223238755
20000525,45607.0,0,18,67,710,0.1837769226119718
20000526,11193.0,0,16,41,623,0.0768428062418904
20000527,2614.0,4,47,44,729,0.0194814389733117
20000528,11600.0,0,20,70,761,0.0477747666861609
20000529,29256.0,0,19,76,675,0.0895262051427994
20000530,38472.0,4,78,0,545,0.1953518130163453
20000531,275407.0,0,29,79,0,0.1928304465514754
20000532,32175.0,0,6,82,726,0.1522896698615548
20000533,22456.0,2,22,75,753,0.115810482560868
20000534,34078.76,0,16,47,696,0.0968625400055709
20000535,30663.0,0,25,84,777,0.12740894019097
20000536,104705.41,0,11,54,748,0.1434157623174351
20000537,0.0,8,55,21,665,0.0
20000538,8503.0,0,22,46,0,0.0556985739645358
20000540,13602.0,1,8,57,723,0.1640732431063183
20000541,11622.0,6,90,0,530,0.0744594291571899
20000542,0.0,0,17,31,646,0.0
20000543,24826.0,1,47,64,730,0.183965794485324
20000544,0.0,0,19,96,815,0.0
20000545,26803.0,3,7,78,0,0.1780681765335069
20000546,45575.0,3,15,41,639,0.0641958370954042
20000547,74581.0,0,5,67,709,0.2394830215942843
20000548,0.0,1,90,3,538,0.0
20000549,27578.0,6,87,12,470,0.0684120699748955
20000550,644884.0,4,10,36,589,0.2862352451368983
20000551,25828.0,4,84,0,432,0.1412106897607488
20000552,2051.0,0,4,49,672,0.0292502745332934
20000553,17154.0,6,69,4,551,0.0862309041828573
20000554,36850.0,0,14,37,630,0.1011248597012631
20000555,17288.0,0,4,22,589,0.1023715766099185
20000556,38503.0,0,8,67,0,0.1096623517181469
20000557,0.0,2,14,45,699,0.0
20000558,19098.0,4,0,0,571,0.1275674809129711
20000559,17177.0,0,67,0,520,0.0584062972848909
20000560,32698.0,0,12,63,0,0.2346398381101367
20000561,235335.84,0,7,69,734,0.2387855752049864
20000562,30519.0,0,19,32,631,0.0760694817285187
20000563,41664.0,0,14,69,731,0.2185640993358723
20000564,14440.0,0,34,58,698,0.1404614606435547
20000565,19606.0,3,6,47,593,0.159318067315662
20000566,0.0,6,36,37,667,0.0
20000567,612.0,0,21,53,0,0.0034509786231046
20000568,21209.0,0,25,89,738,0.1165886989934749
20000570,143903.0,0,18,72,699,0.1910288661299208
20000571,7925.0,0,19,76,0,0.0367282434398954
20000572,0.0,0,17,3,498,0.0
20000573,3242.0,5,64,30,620,0.00757480175141
20000574,23562.0,0,22,44,680,0.0453439768449737
20000576,20009.0,0,16,86,802,0.1387731039983354
20000577,4080.0,0,26,61,753,0.0317764433748452
20000578,24396.0,6,55,20,528,0.1393356483596819
20000579,7903.0,0,13,82,841,0.0331686721199326
20000580,0.0,0,18,95,849,0.0
20000581,32633.0,0,22,81,749,0.2321939349091374
20000582,23334.0,0,25,0,505,0.1702677261881307
20000583,0.0,4,64,0,387,0.0
20000584,219.0,0,21,49,681,0.0073
20000585,13006.0,0,18,24,609,0.0847942731593462
20000586,0.0,5,43,41,688,0.0
20000587,20502.0,0,33,82,803,0.1068998420122323
20000588,39248.0,2,22,0,415,0.0403420356652046
20000589,59664.0,0,17,19,574,0.0719320031346072
20000590,1374.0,7,68,0,555,0.0458
20000591,17215.0,0,11,36,633,0.1412084126255003
20000592,22462.0,0,16,53,669,0.0801152758309525
20000593,222332.78,1,30,53,653,0.2041538963036421
20000594,86127.0,2,27,74,742,0.2565800645270844
20000595,0.0,0,21,75,790,0.0
20000597,8338.0,0,10,36,639,0.0582116227763969
20000598,85065.0,2,28,26,529,0.249589958306315
20000599,13110.0,0,13,89,790,0.0618486665502974
20000600,122895.0,0,0,64,695,0.1241497818451085
20000601,17221.0,0,0,89,816,0.086142902877266
20000602,0.0,0,15,88,793,0.0
20000603,72822.0,0,5,53,739,0.0618664428367049
20000604,24748.0,0,1,62,665,0.2087681263339041
20000605,345780.44,0,9,87,702,0.3524358383718133
20000606,92463.0,0,5,87,0,0.2636203716111227
20000607,16500.0,2,19,54,0,0.1633938385668875
20000608,168971.0,0,11,77,724,0.2498864965667984
20000609,661.0,8,56,0,542,0.0220333333333333
20000610,0.0,5,96,41,682,0.0
20000611,20707.0,0,6,42,631,0.0906595331080016
20000612,111869.0,10,53,32,479,0.2876127695349357
20000613,0.0,0,14,40,748,0.0
20000614,5713.0,3,19,32,613,0.0458055049990779
20000615,9802.0,0,27,62,736,0.0634704792986
20000616,136565.14,3,4,52,0,0.0917908489527391
20000617,8834.0,0,21,92,837,0.0510541402746312
20000618,74835.0,1,16,91,842,0.0831746751536289
20000619,222991.0,0,16,77,730,0.171889067722401
20000620,46815.0,0,6,71,778,0.0914934450707088
20000621,151965.84,6,69,23,471,0.3412347841317103
20000622,29606.0,0,29,91,745,0.2174737027678204
20000623,32945.0,0,26,9,548,0.1872396292149518
20000624,0.0,4,43,0,572,0.0
20000625,5276.0,0,2,66,732,0.024399493141689
20000626,547256.0,0,20,97,702,0.3678609047296075
20000627,8253.0,0,10,56,696,0.0620321096780012
20000628,36662.0,1,20,65,787,0.1027421637451483
20000629,0.0,4,81,51,706,0.0
20000630,18377.0,1,2,29,554,0.0819392177495585
20000631,201781.0,0,0,27,529,0.3018956282354349
20000632,66290.0,3,26,12,458,0.3032784635233189
20000633,65719.0,0,20,15,590,0.1935901023639443
20000634,43770.0,0,11,96,749,0.2515560613114019
20000635,0.0,8,79,52,737,0.0
20000636,171927.0,1,13,45,577,0.1215078172594572
20000637,11424.0,4,68,0,543,0.0517691415313225
20000638,131122.0,1,20,87,799,0.0662523766768108
20000639,7775.0,0,19,98,821,0.0665246333658469
20000640,20399.0,0,7,93,775,0.0508529504882371
20000641,76159.0,0,9,73,742,0.1907145629609225
20000642,12368.0,0,19,43,679,0.0562330068836329
20000643,241083.0,0,15,53,0,0.1706051567293301
20000644,41859.0,0,20,79,710,0.1452827110831907
20000645,75190.0,3,1,59,658,0.2266616022765639
20000646,1004.0,0,27,54,801,0.0032557340156106
20000647,10398.0,0,3,90,794,0.0397857279510235
20000648,184141.44,0,5,85,0,0.2797235294653789
20000649,67308.0,0,20,65,634,0.2704979303138689
20000650,0.0,3,5,72,795,0.0
20000652,27668.0,0,27,0,475,0.1126262914085206
20000653,45305.0,4,83,15,558,0.1868717491822685
20000654,306800.0,2,16,68,644,0.4190787370813652
20000655,150507.0,0,28,32,560,0.3656339506307803
20000656,63768.0,0,23,79,677,0.1888817800526054
20000657,34589.0,0,0,55,822,0.1889427856620016
20000658,130495.0,8,52,45,662,0.1547737370334964
20000659,12866.0,1,14,29,644,0.0793639044129439
20000660,11585.0,3,11,20,502,0.121294929379862
20000661,168513.0,0,31,82,777,0.1214055735628598
20000662,1808.0,0,15,79,808,0.0093604551831967
20000663,25059.0,0,23,48,697,0.1150271054334803
20000664,0.0,9,54,0,520,0.0
20000666,11648.0,0,17,78,769,0.0821739989276744
20000667,178719.0,0,26,40,660,0.195161130045176
20000668,64981.0,5,48,0,390,0.2387734479780999
20000669,0.0,7,33,27,661,0.0
20000670,65416.0,2,14,73,720,0.1430727305335263
20000671,24135.0,4,39,55,632,0.2149249743977915
20000672,1098.0,0,19,78,834,0.0070185307108659
20000673,165440.0,0,11,65,675,0.1223237067987108
20000674,1730.0,0,14,37,702,0.0046363046775758
20000675,14796.0,0,67,36,613,0.0777574572743898
20000676,0.0,1,5,85,842,0.0
20000677,323327.0,3,11,32,666,0.1938567007181632
20000678,21254.0,0,18,90,802,0.0808825767954455
20000679,39464.0,3,3,81,764,0.2042185009625137
20000680,136227.0,0,6,93,814,0.0897199474695691
20000681,26978.0,0,28,17,507,0.017647628317843
20000682,14293.0,0,23,87,777,0.1597679435731771
20000683,89317.0,0,19,71,676,0.2256898908657211
20000684,56541.0,5,42,6,795,0.2956747739597442
20000685,92346.0,5,75,0,505,0.2437457438328467
20000686,22390.0,0,19,90,808,0.1116619122663528
20000687,0.0,0,13,63,733,0.0
20000688,15150.0,1,17,43,696,0.079563059632907
20000689,9299.0,0,5,60,801,0.0510673117582773
20000690,32968.0,0,0,77,778,0.089715679017721
20000691,2879.0,0,16,86,0,0.0342220690147039
20000692,18221.0,7,67,93,798,0.0926669006097778
20000693,0.0,0,0,46,697,0.0
20000695,0.0,0,19,25,677,0.0
20000697,0.0,0,17,66,737,0.0
20000698,0.0,0,9,76,802,0.0
20000699,23079.0,0,10,54,731,0.0837090368328467
20000700,0.0,8,84,31,586,0.0
20000701,67399.0,0,15,63,689,0.1918248391237402
20000702,16649.0,0,50,55,665,0.0899008061859789
20000703,433992.0,0,13,46,594,0.237360199648766
20000705,15573.0,0,28,86,818,0.042916787234922
20000706,13063.0,0,13,63,742,0.0454038309808242
20000707,74014.0,0,16,64,635,0.2667209617435927
20000709,0.0,0,25,58,771,0.0
20000710,28356.0,0,5,98,837,0.1055216915622836
20000711,20066.0,0,3,61,706,0.1423564800363234
20000712,22856.0,1,13,66,752,0.056390569333557
20000714,0.0,0,0,96,838,0.0
20000715,39093.0,0,1,99,752,0.2271105895475565
20000716,15705.0,2,14,57,736,0.0773660564740191
20000717,0.0,1,16,51,712,0.0
20000718,40063.0,0,14,76,795,0.113504493376095
20000719,54093.0,0,24,37,610,0.1829790544746029
20000720,5809.0,2,59,0,469,0.0362416944817044
20000722,540.0,0,25,71,768,0.004014840038364
20000723,160782.0,0,30,38,584,0.2013416767578357
20000724,41336.0,0,25,56,640,0.2185193800088812
20000726,11783.0,0,12,40,739,0.0429453442771128
20000728,113429.0,0,0,80,790,0.3296243127317532
20000730,0.0,4,61,16,460,0.0
20000731,0.0,8,61,49,681,0.0
20000732,158168.3,0,14,81,0,0.24641489504236
20000733,7947.0,0,29,14,586,0.0170207753266224
20000735,0.0,2,17,44,708,0.0
20000736,10919.0,2,0,54,697,0.0632230495755793
20000737,17370.0,1,17,34,652,0.0509918008002512
20000738,11814.0,0,9,88,762,0.0868721184178597
20000739,39014.0,2,0,57,674,0.2189571278643626
20000740,19663.0,0,16,46,642,0.1176270010289296
20000741,30472.0,9,64,0,464,0.2968418181463947
20000742,33116.0,5,31,1,515,0.1946088254479423
20000743,0.0,0,18,77,841,0.0
20000744,50474.0,1,11,5,549,0.1987345310795859
20000745,10817.0,0,12,97,769,0.1724071978451092
20000746,54393.0,4,67,0,441,0.2387867719687957
20000747,209034.0,0,0,93,808,0.2129226055450696
20000748,116461.0,0,9,75,778,0.0999910707693047
20000749,17865.0,0,13,58,677,0.1192741402447573
20000752,0.0,0,18,90,0,0.0
20000753,53877.0,0,11,61,702,0.2040192670347397
20000754,34156.0,3,10,58,640,0.2354595652863278
20000755,0.0,0,1,76,828,0.0
20000756,27248.0,2,21,0,524,0.0817887384399266
20000757,13222.0,3,15,99,838,0.0990271047566263
20000758,60179.0,0,15,26,610,0.1227917321308331
20000759,30153.0,1,18,26,458,0.1332322960069636
20000761,0.0,0,21,90,834,0.0
20000762,616726.6599999999,0,15,92,667,0.2813668811690341
20000763,59218.26,0,12,89,598,0.4199340509722163
20000765,54766.0,6,73,0,546,0.1385278100282539
20000766,19553.0,0,21,95,0,0.0983981923678873
20000767,0.0,0,7,29,612,0.0
20000768,57088.0,0,13,77,731,0.1675235345212104
20000769,47836.0,6,55,0,523,0.2793179960294289
20000770,0.0,0,26,53,766,0.0
20000771,19449.0,1,1,79,804,0.1773734610123119
20000774,0.0,8,47,0,478,0.0
20000776,35640.0,6,81,0,515,0.1695326435961469
20000777,47453.0,0,28,16,481,0.0451572505398067
20000778,226750.0,3,15,71,685,0.193548992862374
20000779,39563.0,3,15,60,664,0.2833092247540208
20000780,29220.0,0,10,1,531,0.1454295696837578
20000781,1646.0,0,29,70,0,0.0548666666666666
20000782,831754.5700000001,6,68,54,425,0.7104592783293814
20000783,90163.0,8,66,2,412,0.1641305792255027
20000784,581.0,7,69,45,708,0.0193666666666666
20000786,34774.0,2,14,74,669,0.1941098322039007
20000787,98823.0,0,14,51,693,0.0622301286188819
20000788,73944.0,8,58,0,574,0.397533426161381
20000790,4021.0,0,14,92,806,0.0240241855018431
20000792,122395.0,9,34,25,553,0.3322312793326873
20000793,54841.0,3,0,39,796,0.3108177804478551
20000794,88021.0,0,7,59,777,0.0543032793206306
20000795,0.0,1,7,73,0,0.0
20000796,10141.0,0,19,61,737,0.0609625604155144
20000797,43030.0,0,19,60,756,0.0473852754358608
20000798,11582.0,4,26,11,549,0.0510316932282326
20000799,102506.87,0,22,88,0,0.0757594617226029
20000800,4105.0,0,18,60,769,0.0097322851073514
20000801,320626.84,8,27,15,512,0.2806177625101196
20000802,30448.0,0,5,73,685,0.227206924856354
20000803,19001.0,0,11,80,790,0.0979104939066807
20000805,84938.0,1,25,66,779,0.0598532173447348
20000806,28156.0,0,22,11,524,0.2347409229230063
20000808,8636.0,0,25,28,653,0.0315182481751824
20000809,31598.0,0,11,92,776,0.1698570637595617
20000810,32981.0,4,84,0,500,0.160910399336472
20000811,116540.0,1,13,58,459,0.4594701151237975
20000813,116416.48,0,15,87,659,0.4065303841936543
20000814,21016.0,6,99,1,456,0.1154496912698587
20000815,0.0,0,8,56,765,0.0
20000816,8497.0,6,78,24,517,0.0513385979010204
20000817,47052.0,0,14,100,601,0.5787311505252023
20000818,118534.0,0,32,15,567,0.3134443604131519
20000819,126081.0,0,18,30,648,0.1007385141986006
20000820,307107.0,2,13,56,705,0.1860175643581268
20000821,35582.0,0,11,17,0,0.2164026151740915
20000824,22564.0,0,23,23,664,0.0291907723833869
20000825,34577.0,0,25,98,797,0.1845208871432535
20000827,0.0,3,10,54,744,0.0
20000828,12511.0,4,53,37,609,0.0865369983537842
20000829,43534.0,4,52,45,600,0.2043715436544076
20000831,10609.0,0,29,16,508,0.033933055062451
20000832,0.0,5,30,0,536,0.0
20000833,21239.0,5,39,19,566,0.1622623058528721
20000834,5158.0,0,17,87,849,0.0753311620978224
20000835,3191.0,4,62,45,705,0.0146468865612176
20000836,0.0,0,21,51,711,0.0
20000837,15187.0,3,55,0,548,0.0978934883780891
20000838,52342.0,0,16,9,571,0.1224867081024412
20000839,20711.0,6,66,3,566,0.2400106614749919
20000841,145311.0,0,9,85,782,0.1642527967771361
20000842,59322.0,0,13,23,448,0.2027742076622275
20000843,0.0,0,25,81,805,0.0
20000844,234813.0,1,11,86,818,0.0998400012245455
20000845,0.0,0,6,58,809,0.0
20000847,99232.03,4,42,14,547,0.288350366278546
20000849,174339.0,8,55,4,476,0.1641825059965475
20000850,188569.0,2,9,38,642,0.168275631895884
20000851,145.0,5,80,55,741,0.0009218523510413
20000852,329437.22,0,22,83,694,0.2048186123894421
20000853,36834.0,0,22,71,803,0.1067395380241854
20000854,6717.0,0,10,91,815,0.1124824167727242
20000855,28428.0,4,68,32,514,0.235136476426799
20000856,31328.0,3,6,13,467,0.1898528591859986
20000857,19286.0,0,9,45,707,0.054337628088998
20000858,17947.0,0,1,95,819,0.0854444090019662
20000859,1001.0,0,12,98,808,0.0070259419394688
20000860,81368.0,3,4,43,645,0.2716168895980558
20000861,0.0,0,6,65,745,0.0
20000863,12673.0,0,16,67,809,0.074942047497398
20000864,12552.0,0,14,85,735,0.1208049815693483
20000865,15408.0,0,19,18,582,0.061974844841664
20000867,247427.09,0,12,67,722,0.2198747988330316
20000868,35555.0,0,16,42,645,0.0981320276663041
20000869,86275.0,1,17,73,654,0.3724561600428254
20000870,962695.84,10,57,41,541,0.3301721587563221
20000871,35992.0,0,14,90,0,0.2304151595659549
20000872,133735.0,7,37,0,736,0.502042180027179
20000873,23430.0,0,0,62,773,0.0849353106863338
20000874,20145.0,0,13,88,766,0.1144654302468294
20000875,32443.0,0,15,81,733,0.1520946237365687
20000876,396160.49,0,17,96,670,0.4055942056287183
20000877,87001.0,6,25,44,801,0.2798386603923486
20000878,0.0,3,25,50,705,0.0
20000879,33789.0,0,28,78,681,0.2232020768514298
20000880,61710.0,0,23,53,696,0.1169855602169474
20000881,410594.0,2,13,90,597,0.4756715802351284
20000882,157214.0,3,4,8,542,0.1732326499039702
20000883,37223.0,0,15,42,633,0.2562085295008397
20000884,16711.0,2,21,0,576,0.0509870327993897
20000885,104580.0,0,20,96,725,0.3153267240755482
20000886,473.0,3,23,36,633,0.0157666666666666
20000888,14994.0,1,14,71,690,0.1695367533157698
20000889,121365.0,0,3,16,469,0.1299843952322454
20000890,22705.0,0,18,55,687,0.1162362095886553
20000891,22346.0,0,15,69,800,0.1151280030088048
20000892,6078.0,0,19,94,815,0.0235889514598525
20000893,15333.0,0,11,88,830,0.0825375464283791
20000894,174810.0,0,18,90,756,0.1806138453050318
20000895,19366.0,0,26,54,730,0.1300421028599055
20000896,101297.0,4,35,56,721,0.1602113650633984
20000897,27711.0,0,25,63,697,0.1653677225312104
20000898,381989.0,0,5,64,0,0.320975423666149
20000899,0.0,0,7,88,810,0.0
20000900,0.0,1,13,54,776,0.0
20000901,83864.0,0,13,53,661,0.2934585587414006
20000902,38743.0,0,25,79,747,0.2145226216909098
20000903,89275.0,0,2,33,560,0.249189836460011
20000904,58933.0,3,14,42,637,0.1526923844242523
20000905,71817.0,2,17,21,540,0.2076986479647169
20000906,14547.0,4,56,0,510,0.0431666844710323
20000907,1598.0,2,9,51,698,0.0532666666666666
20000908,0.0,0,17,68,759,0.0
20000909,554.0,0,15,56,0,0.0040003754865077
20000910,10303.0,0,22,80,827,0.0306585807127383
20000911,34903.0,3,4,99,744,0.3473004437899262
20000912,189010.74,0,32,91,657,0.5275061817978844
20000913,131663.0,0,9,63,699,0.1379237738671516
20000914,20691.0,0,14,100,793,0.1337388179326749
20000915,20864.0,1,5,71,0,0.0857824192089466
20000916,50638.0,0,9,88,752,0.1297176275901642
20000917,106022.0,0,17,80,748,0.1384375730400458
20000918,0.0,0,0,71,0,0.0
20000919,0.0,0,5,16,369,0.0
20000920,163481.0,4,27,81,0,0.1411604304209746
20000921,40436.0,6,30,22,478,0.1307275754489759
20000922,59038.0,6,54,0,479,0.0435745316538659
20000923,373877.06,2,26,89,453,1.0314162912529758
20000924,38660.0,0,20,94,765,0.2300574250944687
20000925,11217.0,3,11,86,793,0.1564086117463327
20000926,0.0,0,7,0,545,0.0
20000927,132197.0,0,15,96,824,0.0895904026305748
20000928,27278.0,8,61,0,578,0.1168187677457206
20000929,25213.0,0,19,91,777,0.1258083509640333
20000930,4965.0,1,30,35,619,0.0353728217038799
20000931,0.0,0,13,54,787,0.0
20000933,21546.0,0,20,34,651,0.0624874929307869
20000934,64050.09,0,13,48,562,0.3825027769483428
20000935,27223.0,0,27,72,715,0.2114473459369611
20000936,27230.0,0,21,0,489,0.1740136245702381
20000937,59556.0,0,2,97,774,0.2096599310004928
20000938,420181.0,0,12,26,576,0.3595137702909438
20000939,0.0,2,6,32,602,0.0
20000941,27046.0,0,33,20,542,0.0786920923845048
20000942,271697.8,0,18,10,542,0.2321403824152877
20000943,233611.0,5,66,76,708,0.2100584107527577
20000944,3073.0,2,21,81,0,0.0134564690015151
20000945,22396.0,0,18,63,692,0.1415676359039191
20000946,442331.51,0,34,42,513,0.390411124909421
20000947,0.0,0,6,78,793,0.0
20000948,0.0,0,11,66,796,0.0
20000949,0.0,4,29,11,574,0.0
20000950,29786.0,3,27,49,729,0.0703106927206031
20000951,33950.0,0,30,67,779,0.0933715803861925
20000952,151390.88,3,17,0,423,0.4318260725705468
20000953,79224.0,0,17,51,799,0.4151700790785178
20000954,29914.0,0,12,18,573,0.167099581608656
20000956,320538.11,5,54,18,457,0.3779346704695383
20000957,338722.43,0,24,60,664,0.2679895390521219
20000959,0.0,1,25,0,546,0.0
20000960,18317.0,6,58,35,667,0.1854491703030241
20000961,24618.0,0,14,32,631,0.1203649378080262
20000962,738667.1799999999,0,13,64,716,0.2229757583459637
20000963,233311.0,0,20,76,0,0.1015866892442925
20000964,285565.0,0,27,34,402,0.7127186961838919
20000965,0.0,3,14,27,640,0.0
20000966,16355.0,2,19,49,666,0.1164695242232397
20000967,414174.59,3,1,99,704,0.3915037805780659
20000968,329143.0,0,10,70,657,0.3305853438552404
20000969,2969.0,0,15,51,0,0.0521352813092645
20000970,14473.0,5,54,34,673,0.100381467609932
20000971,21361.0,0,14,24,501,0.1043863678567589
20000972,149305.0,0,16,27,544,0.2632497650578936
20000974,0.0,3,26,30,644,0.0
20000975,288974.05,0,12,12,569,0.4401395321917109
20000976,160904.0,8,57,24,569,0.2340200562855875
20000977,728253.0,10,34,4,468,0.650511072264716
20000978,10732.0,0,36,34,623,0.0644417490302513
20000979,27211.0,7,47,10,555,0.169703886643716
20000980,268263.99,0,37,15,484,0.2395329685538409
20000982,25102.0,3,11,44,631,0.1557785514369581
20000983,10897.0,2,15,60,747,0.0585051836977939
20000984,31233.0,3,77,10,433,0.1727919006389864
20000985,132185.0,2,20,20,588,0.1612759571508747
20000986,22774.0,0,0,23,510,0.074943810241509
20000988,41545.0,0,20,47,635,0.2747975976293788
20000989,15152.0,0,19,26,650,0.1148966824644549
20000990,268124.0,6,67,0,411,0.3061999657397362
20000991,5203.0,1,14,10,589,0.0475155478032164
20000993,8476.0,0,14,48,682,0.0419203434342435
20000994,476350.71,0,11,18,542,0.3181553031036709
20000995,0.0,3,16,47,736,0.0
20000996,13460.0,7,86,0,584,0.0638074966697796
20000997,53532.56,0,9,58,653,0.357945638728227
20000998,50948.0,0,1,77,0,0.12541509224956
20000999,101936.55,1,4,5,509,0.2605327120957312
