company_reg_number,cc_agreed_limit,cc_balance_limit_ratio,cc_missed_payments,missed_payments_number
20000707,30921.68760888893,20.256,0.0,0
20000707,30921.68760888893,21.784,0.0,0
20000707,23191.265706666694,17.439,10.0,10
20000817,8303.637079375972,8.0,3.0,3
20000419,10177.017599999914,11.482,0.0,0
20000241,60175.80647426457,21.019,0.0,0
20000241,45131.85485569843,18.26,8.0,8
20000118,13565.210218198445,11.166,0.0,0
20000118,13565.210218198445,8.955,0.0,0
20000196,17429.865975415232,10.45,0.0,0
20000813,37856.62436515436,7.984,0.0,0
20000294,11492.481487323435,10.512,0.0,0
20000811,20056.462052743045,20.173,0.0,1
20000746,12196.449242251196,7.413,-7.0,0
20000746,9147.336931688396,11.374,0.0,0
20000746,9147.336931688396,9.607,0.0,0
20000751,40075.33197852753,22.676,0.0,1
20000751,30056.49898389565,17.734,0.0,0
20000788,75719.92114978458,25.404,8.0,8
20000343,27558.044806989958,21.448,0.0,0
20000649,19488.797700395706,8.428,0.0,1
20000239,22921.712886728128,10.399,0.0,0
20000763,24220.040497411992,11.842,0.0,0
20000448,21796.655210556408,10.113,0.0,0
20000448,16347.491407917309,7.415,-3.0,1
20000050,15203.934915267706,20.275,0.0,1
20000013,29667.78527507183,10.828,-2.0,0
20000997,3831.328932577744,18.181,7.0,7
20000997,5108.438576770324,22.155,0.0,0
20000997,5108.438576770324,18.099,0.0,0
20000016,9051.91521614361,7.096,0.0,1
20000016,9051.91521614361,8.121,0.0,1
20000016,6788.936412107708,8.108,0.0,0
20000934,957.386593177778,19.899,7.0,7
20000934,718.0399448833335,20.696,0.0,1
20000934,957.386593177778,21.167,0.0,0
20000516,10830.474333088903,8.958,0.0,1
20000516,8122.855749816678,10.134,0.0,1
20000516,10830.474333088903,11.255,-3.0,0
20000516,10830.474333088903,11.628,-2.0,1
20000534,8894.235618972678,22.731,0.0,1
20000534,8894.235618972678,18.086,0.0,1
20000534,11858.980825296903,21.351,0.0,0
20000534,11858.980825296903,17.465,0.0,1
20000654,99792.9022607539,26.567,0.0,1
20000999,86468.90786734228,12.71,7.0,7
20000999,64851.680900506704,12.722,-4.0,0
20000361,87290.4207752087,22.83,0.0,0
20000992,70735.76508186596,12.885,0.0,1
20000956,25131.12143686428,7.693,0.0,0
20000956,33508.16191581904,7.521,0.0,1
20000956,33508.16191581904,20.619,0.0,1
20000956,33508.16191581904,10.979,9.0,9
20000952,76373.12722295798,13.011,0.0,1
20000122,33814.65609012317,17.444,0.0,0
20000122,33814.65609012317,17.346,0.0,0
20000122,45086.20812016423,17.649,0.0,0
20000122,45086.20812016423,19.898,0.0,1
20000518,20006.985110639805,22.848,0.0,0
20000518,20006.985110639805,10.325,0.0,0
20000518,20006.985110639805,17.708,0.0,0
20000518,20006.985110639805,10.007,0.0,1
20000121,17081.834275522273,7.659,0.0,1
20000121,17081.834275522273,10.885,0.0,1
20000004,29153.6259147386,11.05,0.0,0
20000004,29153.6259147386,9.088,0.0,0
20000561,40995.46663655349,18.8,0.0,0
20000561,40995.46663655349,20.984,0.0,0
20000561,54660.622182071325,20.361,0.0,1
20000561,54660.622182071325,20.734,0.0,0
20000764,18104.88840687733,10.418,0.0,0
20000764,13578.666305157994,11.162,4.0,4
20000764,13578.666305157994,7.998,0.0,1
20000764,18104.88840687733,7.697,0.0,0
20000648,109002.1485906809,14.334,0.0,1
20000293,24940.54162309553,10.081,0.0,1
20000293,24940.54162309553,10.482,2.0,2
20000912,37824.17395469888,18.152,0.0,1
20000433,39523.713012765525,18.481,0.0,0
20000280,12159.001540777874,8.8,3.0,3
20000280,16212.002054370498,8.958,0.0,1
20000732,31540.290107683533,19.358,0.0,0
20000732,42053.720143578044,18.527,0.0,0
20000099,13143.0791843125,11.481,0.0,0
20000099,13143.0791843125,8.131,0.0,0
20000099,17524.105579083334,9.555,0.0,1
20000099,13143.0791843125,9.868,0.0,0
20000605,32302.632948117272,17.445,0.0,1
20000605,32302.632948117272,17.341,0.0,1
20000605,43070.177264156366,20.424,0.0,1
20000223,56539.13181697694,22.649,5.0,5
20000223,56539.13181697694,11.031,0.0,0
20000223,42404.3488627327,9.174,0.0,0
20000792,62764.2224646463,24.057,0.0,1
20000818,12403.351387637922,22.886,0.0,0
20000818,12403.351387637922,10.618,9.0,9
20000818,12403.351387637922,21.261,0.0,0
20000818,12403.351387637922,9.524,0.0,1
20000621,29333.140830754928,9.397,0.0,1
20000621,29333.140830754928,11.3,-2.0,1
20000621,29333.140830754928,7.88,0.0,1
20000536,75038.63915318968,14.73,6.0,6
20000536,75038.63915318968,12.89,0.0,1
20000007,40602.0454370217,7.415,9.0,9
20000007,30451.53407776627,11.43,6.0,6
20000975,21462.147171717592,19.318,0.0,1
20000975,16096.610378788197,10.775,0.0,0
20000975,21462.147171717592,11.935,4.0,4
20000975,21462.147171717592,18.705,6.0,6
20000547,20467.641201973183,20.617,0.0,1
20000547,20467.641201973183,20.542,0.0,1
20000212,24184.27921649076,11.3,0.0,0
20000212,24184.27921649076,21.856,5.0,5
20000212,18138.20941236807,10.551,0.0,1
20000826,9963.109888456738,9.659,0.0,0
20000826,13284.146517942318,8.565,0.0,0
20000826,13284.146517942318,10.965,-2.0,1
20000964,62564.33549716511,25.954,10.0,10
20000896,96533.10512243326,27.807,0.0,0
20000039,81123.49548954672,23.409,0.0,1
20000876,24128.562721806637,7.675,0.0,0
20000876,32171.416962408843,10.035,0.0,0
20000876,24128.562721806637,8.394,0.0,0
20000876,32171.416962408843,10.823,0.0,0
20000504,23400.28911044945,9.264,0.0,0
20000504,23400.28911044945,9.254,0.0,0
20000504,23400.28911044945,7.25,0.0,0
20000504,17550.216832837086,11.845,0.0,1
20000440,24076.918183897957,9.806,0.0,1
20000440,32102.557578530603,10.193,0.0,0
20000440,32102.557578530603,21.027,0.0,0
20000990,64107.42805864255,12.557,3.0,3
20000990,48080.57104398191,8.608,6.0,6
20000990,64107.42805864255,11.336,6.0,6
20000847,8303.203921174738,7.902,0.0,0
20000847,11070.938561566318,10.003,0.0,0
20000847,8303.203921174738,7.691,0.0,1
20000847,8303.203921174738,10.772,0.0,1
20000065,3904.677220775558,9.379,0.0,1
20000065,2928.5079155816684,7.426,0.0,0
20000065,2928.5079155816684,11.491,0.0,0
20000065,2928.5079155816684,10.05,0.0,0
20000940,13564.099649895232,17.259,0.0,1
20000940,13564.099649895232,9.875,0.0,1
20000940,13564.099649895232,19.113,0.0,0
20000514,245334.3761596852,13.108,0.0,1
20000514,245334.3761596852,14.091,0.0,0
20000047,176033.15368980134,12.348,0.0,0
20000047,176033.15368980134,14.689,0.0,0
20000047,176033.15368980134,10.736,0.0,0
20000923,65856.36399247125,12.739,0.0,0
20000923,87808.485323295,14.62,0.0,1
20000923,87808.485323295,13.317,0.0,0
20000923,87808.485323295,10.224,0.0,0
20000881,4371.040005303244,7.467,0.0,1
20000881,4371.040005303244,22.322,0.0,0
20000312,2072.296705712536,19.551,0.0,0
20000441,1501.149202245333,8.938,0.0,0
20000441,1501.149202245333,10.946,0.0,1
20000418,41730.85438357763,18.62,9.0,9
20000418,41730.85438357763,20.482,0.0,0
20000418,31298.140787683224,19.92,0.0,1
20000418,41730.85438357763,20.479,0.0,0
20000418,41730.85438357763,17.221,0.0,0
20000418,41730.85438357763,19.831,0.0,0
20000955,227200.0739803424,23.421,0.0,0
20000955,227200.0739803424,25.957,11.0,11
20000955,227200.0739803424,25.638,8.0,8
20000955,170400.05548525677,23.023,0.0,0
20000967,61987.95295106775,11.144,0.0,1
20000967,46490.96471330081,7.968,0.0,0
20000967,46490.96471330081,10.468,-2.0,1
20000967,61987.95295106775,11.347,0.0,1
20000415,201206.8360186681,11.399,-4.0,1
20000415,201206.8360186681,14.045,0.0,1
20000415,201206.8360186681,12.663,0.0,1
20000415,201206.8360186681,11.453,0.0,1
20000415,201206.8360186681,12.41,0.0,1
20000415,201206.8360186681,10.436,0.0,0
20000328,54480.04994362663,19.307,0.0,0
20000328,54480.04994362663,20.246,0.0,1
20000328,54480.04994362663,22.011,0.0,1
20000328,54480.04994362663,20.573,0.0,0
20000474,79854.58251559161,23.485,0.0,1
20000474,79854.58251559161,28.755,9.0,9
20000474,79854.58251559161,26.268,0.0,0
20000474,59890.93688669371,22.812,0.0,1
20000980,61814.9269403664,18.919,7.0,7
20000980,46361.1952052748,19.253,0.0,1
20000980,61814.9269403664,21.488,6.0,6
20000980,46361.1952052748,17.924,13.0,13
20000799,40342.522911568616,20.6,0.0,0
20000799,40342.522911568616,21.81,0.0,1
20000799,53790.03054875816,17.947,0.0,0
20000799,53790.03054875816,22.058,0.0,1
20000799,53790.03054875816,17.891,0.0,0
20000799,40342.522911568616,17.047,0.0,1
20000510,78415.17366068448,14.273,0.0,0
20000510,78415.17366068448,13.924,0.0,0
20000510,58811.38024551336,7.364,0.0,1
20000510,58811.38024551336,7.917,0.0,1
20000973,33112.767122971985,21.514,0.0,0
20000973,24834.57534222899,17.773,0.0,0
20000973,24834.57534222899,19.039,6.0,6
20000703,320170.49035378115,28.892,0.0,0
20000870,106449.91866269193,26.386,0.0,0
20000870,106449.91866269193,25.781,0.0,0
20000870,141933.22488358922,26.725,0.0,1
20000459,218565.78780087092,11.138,0.0,0
20000459,218565.78780087092,10.796,0.0,0
20000459,291421.05040116125,11.601,0.0,0
20000172,120874.38490772044,26.12,5.0,5
20000172,90655.78868079033,22.807,0.0,0
20000172,90655.78868079033,27.833,0.0,0
20000172,90655.78868079033,25.779,12.0,12
20000172,120874.38490772044,27.388,0.0,1
20000172,90655.78868079033,28.235,0.0,1
20000938,31855.139071392237,18.256,0.0,1
20000938,42473.51876185632,20.055,0.0,0
20000938,42473.51876185632,19.442,9.0,9
20000938,42473.51876185632,19.069,10.0,10
20000250,285831.6269723704,22.193,5.0,5
20000250,285831.6269723704,28.884,0.0,1
20000250,285831.6269723704,23.453,0.0,0
20000187,215078.3796991064,13.375,0.0,0
20000593,43170.511321817125,10.379,-3.0,0
20000593,43170.511321817125,10.403,0.0,1
20000593,32377.88349136284,7.286,0.0,0
20000593,43170.511321817125,7.958,0.0,1
20000593,32377.88349136284,9.557,0.0,1
20000593,32377.88349136284,8.026,0.0,0
20000867,20335.536061309565,9.786,0.0,0
20000867,20335.536061309565,21.781,0.0,0
20000867,27114.048081746085,9.533,0.0,1
20000867,27114.048081746085,9.371,0.0,0
20000867,27114.048081746085,8.966,0.0,0
20000867,27114.048081746085,11.506,7.0,7
20000207,72426.84541728858,26.753,9.0,9
20000207,72426.84541728858,24.898,11.0,11
20000207,72426.84541728858,28.887,0.0,1
20000153,256654.87752596996,26.545,5.0,5
20000153,192491.15814447743,27.484,0.0,0
20000153,256654.87752596996,26.556,0.0,0
20000962,131376.3034017801,22.759,0.0,1
20000962,98532.22755133508,28.629,0.0,0
20000962,98532.22755133508,27.393,0.0,1
20000962,131376.3034017801,24.024,0.0,0
20000962,131376.3034017801,23.026,0.0,1
20000962,131376.3034017801,27.857,0.0,0
20000957,22965.62257440821,7.102,0.0,0
20000957,30620.83009921095,7.107,0.0,0
20000957,30620.83009921095,10.141,-6.0,0
20000957,30620.83009921095,10.739,0.0,0
20000957,22965.62257440821,11.591,0.0,1
20000957,30620.83009921095,8.685,0.0,1
20000550,83516.88433502192,27.232,0.0,0
20000550,83516.88433502192,23.523,13.0,13
20000550,83516.88433502192,25.699,0.0,1
20000550,83516.88433502192,26.1,0.0,0
20000523,67982.44983647813,11.489,0.0,1
20000523,67982.44983647813,13.054,0.0,1
20000523,67982.44983647813,11.291,3.0,3
20000523,67982.44983647813,14.136,0.0,0
20000523,67982.44983647813,14.957,0.0,0
20000523,50986.8373773586,10.032,0.0,0
20000994,468722.5638708242,10.608,2.0,2
20000156,97039.88524045602,26.411,0.0,1
20000156,97039.88524045602,22.483,0.0,1
20000156,97039.88524045602,26.77,9.0,9
20000410,57343.97566813688,19.683,6.0,6
20000410,43007.98175110266,19.078,0.0,1
20000410,57343.97566813688,21.442,0.0,0
20000410,57343.97566813688,17.92,0.0,1
20000053,141622.47569533816,10.738,0.0,1
20000053,141622.47569533816,12.703,0.0,1
20000053,141622.47569533816,24.286,0.0,1
20000112,38681.63717319677,8.413,0.0,0
20000112,38681.63717319677,9.887,-6.0,1
20000112,51575.51623092903,8.752,0.0,1
20000112,51575.51623092903,11.128,0.0,0
20000112,38681.63717319677,9.835,0.0,0
20000112,51575.51623092903,9.378,0.0,0
20000464,77773.45039444287,23.468,0.0,0
20000464,77773.45039444287,22.439,6.0,6
20000464,77773.45039444287,23.442,0.0,0
20000464,77773.45039444287,24.6,0.0,1
20000331,190194.34310226527,23.296,0.0,1
20000762,29735.916127563934,19.279,0.0,0
20000762,22301.937095672954,19.272,8.0,8
20000762,22301.937095672954,21.289,0.0,1
20000762,22301.937095672954,20.746,0.0,0
20000077,63658.76352454408,11.785,0.0,0
20000077,84878.35136605878,14.919,0.0,1
20000077,84878.35136605878,11.474,0.0,0
20000104,84593.05244057626,13.35,0.0,0
20000104,84593.05244057626,14.593,-2.0,0
20000104,112790.736587435,10.122,0.0,0
20000104,84593.05244057626,10.986,0.0,0
20000852,96176.89253734138,25.319,0.0,1
20000852,96176.89253734138,27.581,0.0,0
20000852,72132.66940300603,26.609,0.0,0
20000852,72132.66940300603,27.835,0.0,0
20000801,203466.92885408935,23.259,7.0,7
20000354,51992.789133115286,17.6,0.0,1
20000354,51992.789133115286,22.489,0.0,1
20000354,51992.789133115286,19.12,0.0,1
20000354,38994.59184983646,21.43,0.0,1
20000505,85943.24172971681,14.012,0.0,0
20000505,85943.24172971681,13.384,0.0,1
20000505,64457.431297287614,13.971,0.0,1
20000505,64457.431297287614,14.858,0.0,1
20000470,58082.59273884291,19.355,0.0,0
20000470,58082.59273884291,19.768,0.0,1
20000470,58082.59273884291,21.338,0.0,0
20000470,58082.59273884291,17.82,0.0,0
20000438,131431.7176594913,22.683,0.0,0
20000131,64241.92920771988,14.67,7.0,7
20000131,48181.446905789904,10.176,0.0,0
20000131,64241.92920771988,12.588,0.0,1
20000191,144109.4241977356,24.138,0.0,0
20000191,144109.4241977356,26.38,0.0,1
20000191,108082.0681483017,26.811,11.0,11
20000191,144109.4241977356,22.603,0.0,1
20000977,117496.38476512494,27.239,0.0,1
20000977,117496.38476512494,22.899,6.0,6
20000977,117496.38476512494,27.131,0.0,1
20000977,117496.38476512494,12.838,0.0,1
20000782,151054.410635128,14.35,0.0,0
20000782,151054.410635128,12.004,0.0,1
20000782,113290.807976346,14.259,0.0,0
20000782,151054.410635128,12.339,0.0,0
20000151,66514.638249124,10.869,0.0,1
20000151,66514.638249124,12.314,3.0,3
20000151,66514.638249124,10.888,0.0,0
20000151,66514.638249124,13.177,0.0,0
20000151,49885.978686843,10.339,0.0,1
20000151,66514.638249124,14.041,0.0,1
20000946,2315.4644548507804,22.947,0.0,0
20000946,1736.5983411380853,11.361,0.0,0
20000946,2315.4644548507804,10.643,4.0,4
20000946,1736.5983411380853,9.541,0.0,1
20000616,2443.1925704793457,9.522,0.0,0
20000616,2443.1925704793457,7.031,0.0,0
20000616,2443.1925704793457,9.457,0.0,1
20000616,2443.1925704793457,9.536,0.0,0
20000616,2443.1925704793457,10.95,0.0,0
20000616,1832.3944278595093,7.272,0.0,1
20000942,2191.556578720976,17.79,8.0,8
20000942,2922.0754382946343,20.529,9.0,9
20000942,2191.556578720976,21.737,0.0,0
20000626,4899.695041387079,7.493,0.0,1
20000626,4899.695041387079,7.771,-2.0,0
20000626,4899.695041387079,8.88,0.0,0
